78/TA/Antonescu/Adriana/adriana.antonescu@gmail.com/08-09-2024/16-12-2005
987/UA/Barbu/Casian/casian.barbu@gmail.com/03-09-2021/30-11-2003
13124/UA/Nicolae/Valentin/valentin.nicolae@gmail.com/23-09-2024/27-01-2006
9787654/TA/Pascaru/Tudor/tudor.pascaru@gmail.com/02-09-2023/05-05-2004
543/CIM/Lesan/Alexandra/alexandra.lesan@gmail.com/01-09-2023/09-02-2005
45435/CIM/Leporda/Otilia Madalina/otilia.leporda@gmail.com/01-09-2023/13-09-2004